# Format: username,prefix,template1,template2,...
#
# Columns:
#   1. username  : GitHub username of the student
#   2. prefix    : Batch/Cohort prefix (convention: FTDS-XXX-HCK or FTDS-XXX-RMT)
#                  Optional if specified via -p/--prefix CLI flag
#   3. templates : One or more comma-separated template repo names / slugs
#                  (If omitted, defaults to all templates defined in the script)
#
# Lines starting with '#' and blank lines are ignored.
#
# Examples with batch prefix:
user1,FTDS-045-HCK,P0-LC1-Set-1,P0-LC2-Set-1
user2,FTDS-059-RMT,P0-LC2-Set-1
user3,FTDS-044-HCK,P0-LC1-Set-1,P0-LC3-Set-1

# Example without batch prefix (assigns all default templates or uses CLI --prefix if given):
# user4,FTDS-045-HCK
# user5,P0-LC1-Set-1,P0-LC2-Set-1
